{
    "train": {
        "R2": 0.9948122046196735,
        "RMSE": 14.45785275669282,
        "MAE": 9.743096351386816
    },
    "test": {
        "R2": 0.7052892363191425,
        "RMSE": 104.49177802743026,
        "MAE": 68.18957551147908
    }
}